tipo,dato,total_o_estatus,ids_o_numero_empleado
numero_empleado_duplicado,1118,2,"773:Baja, 2217:Baja"
numero_empleado_duplicado,1382,2,"1547:Baja, 2220:Baja"
numero_empleado_duplicado,1629,2,"713:Baja, 2216:Baja"
numero_empleado_duplicado,1745,2,"944:Baja, 2219:Baja"
numero_empleado_duplicado,2,2,"2:Activo, 2212:Activo"
numero_empleado_duplicado,999999679,2,"1107:Activo, 1544:Baja"
numero_empleado_duplicado,999999681,2,"1109:Activo, 1551:Baja"
numero_empleado_duplicado,999999682,2,"1110:Activo, 1571:Baja"
numero_empleado_duplicado,999999683,2,"1111:Activo, 1633:Baja"
numero_empleado_duplicado,999999684,2,"1112:Activo, 1658:Baja"
numero_empleado_duplicado,999999685,2,"1113:Activo, 1667:Baja"
numero_empleado_duplicado,999999686,2,"1114:Activo, 1668:Baja"
numero_empleado_duplicado,999999687,2,"1115:Activo, 1669:Baja"
numero_empleado_duplicado,999999688,2,"1116:Activo, 1670:Baja"
numero_empleado_duplicado,999999689,2,"1117:Activo, 1671:Baja"
numero_empleado_duplicado,999999690,2,"1118:Activo, 1672:Baja"
numero_empleado_duplicado,999999691,2,"1119:Activo, 1673:Baja"
numero_empleado_duplicado,999999694,2,"1123:Activo, 1676:Baja"
numero_empleado_duplicado,999999695,2,"1124:Activo, 1677:Baja"
numero_empleado_duplicado,999999696,2,"1125:Activo, 1678:Baja"
numero_empleado_duplicado,999999697,2,"1126:Activo, 1679:Baja"
numero_empleado_duplicado,999999698,2,"1127:Activo, 1680:Baja"
numero_empleado_duplicado,999999699,2,"1128:Activo, 1681:Baja"
numero_empleado_duplicado,999999702,2,"1131:Activo, 1684:Baja"
numero_empleado_duplicado,999999703,2,"1132:Activo, 1685:Baja"
numero_empleado_duplicado,999999704,2,"1133:Activo, 1686:Baja"
numero_empleado_duplicado,999999705,2,"1134:Activo, 1687:Baja"
numero_empleado_duplicado,999999707,2,"1138:Activo, 1689:Baja"
numero_empleado_duplicado,999999708,2,"1139:Activo, 1690:Baja"
numero_empleado_duplicado,999999709,2,"1140:Activo, 1691:Baja"
numero_empleado_duplicado,999999710,2,"1145:Activo, 1692:Baja"
numero_empleado_duplicado,999999711,2,"1146:Activo, 1693:Baja"
numero_empleado_duplicado,999999712,2,"1147:Activo, 1694:Baja"
numero_empleado_duplicado,999999713,2,"1148:Activo, 1695:Baja"
numero_empleado_duplicado,999999714,2,"1149:Activo, 1696:Baja"
numero_empleado_duplicado,999999718,2,"1155:Activo, 1700:Baja"
numero_empleado_duplicado,999999719,2,"1156:Activo, 1701:Baja"
numero_empleado_duplicado,999999720,2,"1157:Activo, 1702:Baja"
numero_empleado_duplicado,999999721,2,"1158:Activo, 1703:Baja"
numero_empleado_duplicado,999999722,2,"1160:Activo, 1704:Baja"
numero_empleado_duplicado,999999724,2,"1163:Activo, 1706:Baja"
numero_empleado_duplicado,999999725,2,"1164:Activo, 1707:Baja"
numero_empleado_duplicado,999999726,2,"1165:Activo, 1708:Baja"
numero_empleado_duplicado,999999727,2,"1166:Activo, 1709:Baja"
numero_empleado_duplicado,999999728,2,"1167:Activo, 1710:Baja"
numero_empleado_duplicado,999999729,2,"1168:Activo, 1711:Baja"
numero_empleado_duplicado,999999730,2,"1170:Activo, 1712:Baja"
numero_empleado_duplicado,999999731,2,"1171:Activo, 1713:Baja"
numero_empleado_duplicado,999999732,2,"1172:Activo, 1714:Baja"
numero_empleado_duplicado,999999733,2,"1173:Activo, 1715:Baja"
numero_empleado_duplicado,999999735,2,"1175:Activo, 1717:Baja"
numero_empleado_duplicado,999999736,2,"1176:Activo, 1718:Baja"
numero_empleado_duplicado,999999737,2,"1177:Activo, 1719:Baja"
numero_empleado_duplicado,999999738,2,"1178:Activo, 1720:Baja"
numero_empleado_duplicado,999999739,2,"1179:Activo, 1721:Baja"
numero_empleado_duplicado,999999742,2,"1182:Activo, 1724:Baja"
numero_empleado_duplicado,999999743,2,"1183:Activo, 1725:Baja"
numero_empleado_duplicado,999999744,2,"1184:Activo, 1726:Baja"
numero_empleado_duplicado,999999745,2,"1185:Activo, 1727:Baja"
numero_empleado_duplicado,999999746,2,"1186:Activo, 1728:Baja"
numero_empleado_duplicado,999999748,2,"1188:Activo, 1730:Baja"
numero_empleado_duplicado,999999749,2,"1190:Activo, 1731:Baja"
numero_empleado_duplicado,999999750,2,"1191:Activo, 1732:Baja"
numero_empleado_duplicado,999999751,2,"1192:Activo, 1733:Baja"
numero_empleado_duplicado,999999752,2,"1193:Activo, 1734:Baja"
numero_empleado_duplicado,999999754,2,"1195:Activo, 1736:Baja"
numero_empleado_duplicado,999999755,2,"1196:Activo, 1737:Baja"
numero_empleado_duplicado,999999756,2,"1197:Activo, 1738:Baja"
numero_empleado_duplicado,999999757,2,"1198:Activo, 1739:Baja"
numero_empleado_duplicado,999999758,2,"1200:Activo, 1740:Baja"
numero_empleado_duplicado,999999760,2,"1202:Baja, 1742:Baja"
numero_empleado_duplicado,999999762,2,"1204:Baja, 1744:Baja"
numero_empleado_duplicado,999999769,2,"1211:Activo, 1751:Baja"
numero_empleado_duplicado,999999770,2,"1212:Activo, 1752:Baja"
numero_empleado_duplicado,999999771,2,"1215:Activo, 1753:Baja"
numero_empleado_duplicado,999999772,2,"1216:Activo, 1754:Baja"
numero_empleado_duplicado,999999775,2,"1219:Activo, 1757:Baja"
numero_empleado_duplicado,999999776,2,"1220:Activo, 1758:Baja"
numero_empleado_duplicado,999999777,2,"1221:Activo, 1759:Baja"
numero_empleado_duplicado,999999778,2,"1222:Activo, 1760:Baja"
numero_empleado_duplicado,999999779,2,"1223:Activo, 1761:Baja"
numero_empleado_duplicado,999999780,2,"1224:Activo, 1762:Baja"
numero_empleado_duplicado,999999781,2,"1225:Activo, 1763:Baja"
numero_empleado_duplicado,999999782,2,"1228:Activo, 1764:Baja"
numero_empleado_duplicado,999999783,2,"1229:Activo, 1765:Baja"
numero_empleado_duplicado,999999784,2,"1230:Activo, 1766:Baja"
numero_empleado_duplicado,999999785,2,"1231:Activo, 1767:Baja"
numero_empleado_duplicado,999999786,2,"1232:Activo, 1768:Baja"
numero_empleado_duplicado,999999787,2,"1233:Activo, 1769:Baja"
numero_empleado_duplicado,999999788,2,"1234:Activo, 1770:Baja"
numero_empleado_duplicado,999999790,2,"1318:Activo, 1772:Baja"
numero_empleado_duplicado,999999791,2,"1322:Activo, 1773:Baja"
numero_empleado_duplicado,999999792,2,"1324:Activo, 1774:Baja"
numero_empleado_duplicado,999999793,2,"1325:Activo, 1775:Baja"
numero_empleado_duplicado,999999794,2,"1359:Activo, 1776:Baja"
numero_empleado_duplicado,999999795,2,"1442:Activo, 1777:Baja"
numero_empleado_duplicado,999999796,2,"1466:Activo, 1778:Baja"
numero_empleado_duplicado,999999797,2,"1469:Activo, 1779:Baja"
numero_empleado_duplicado,999999798,2,"1470:Activo, 1780:Baja"
numero_empleado_duplicado,999999799,2,"1487:Activo, 1781:Baja"
numero_empleado_duplicado,999999801,2,"1189:Baja, 1783:Baja"
numero_empleado_duplicado,999999802,2,"1472:Activo, 1784:Baja"
numero_empleado_duplicado,999999803,2,"1473:Activo, 1785:Baja"
numero_empleado_duplicado,999999804,2,"1474:Activo, 1786:Baja"
numero_empleado_duplicado,999999805,2,"1475:Activo, 1787:Baja"
numero_empleado_duplicado,999999806,2,"1476:Activo, 1788:Baja"
numero_empleado_duplicado,999999807,2,"1488:Activo, 1789:Baja"
numero_empleado_duplicado,999999808,2,"1489:Activo, 1790:Baja"
numero_empleado_duplicado,999999809,2,"1490:Activo, 1791:Baja"
numero_empleado_duplicado,999999810,2,"1491:Activo, 1792:Baja"
numero_empleado_duplicado,999999811,2,"1492:Activo, 1793:Baja"
numero_empleado_duplicado,999999812,2,"1493:Activo, 1794:Baja"
numero_empleado_duplicado,999999813,2,"1494:Activo, 1795:Baja"
numero_empleado_duplicado,999999814,2,"1495:Activo, 1796:Baja"
numero_empleado_duplicado,999999815,2,"1496:Activo, 1797:Baja"
numero_empleado_duplicado,999999816,2,"1497:Activo, 1798:Baja"
numero_empleado_duplicado,999999817,2,"1498:Activo, 1799:Baja"
numero_empleado_duplicado,999999818,2,"1499:Activo, 1800:Baja"
numero_empleado_duplicado,999999819,2,"1500:Activo, 1801:Baja"
numero_empleado_duplicado,999999820,2,"1501:Baja, 1802:Baja"
numero_empleado_duplicado,999999821,2,"1502:Activo, 1803:Baja"
numero_empleado_duplicado,999999822,2,"1503:Activo, 1804:Baja"
numero_empleado_duplicado,999999823,2,"1504:Activo, 1805:Baja"
numero_empleado_duplicado,999999824,2,"1505:Activo, 1806:Baja"
numero_empleado_duplicado,999999825,2,"1511:Activo, 1807:Baja"
numero_empleado_duplicado,999999826,2,"1512:Activo, 1808:Baja"
numero_empleado_duplicado,999999827,2,"1513:Activo, 1809:Baja"
numero_empleado_duplicado,999999828,2,"1514:Activo, 1810:Baja"
numero_empleado_duplicado,999999829,2,"1569:Activo, 1811:Baja"
numero_empleado_duplicado,999999830,2,"1570:Activo, 1812:Baja"
codigo_contpac_duplicado,S/N,8,"738:Baja, 801:Baja, 802:Baja, 932:Baja, 950:Baja, 1544:Baja, 1550:Baja, 1551:Baja"
codigo_contpac_duplicado,1118,2,"773:Baja, 2217:Baja"
codigo_contpac_duplicado,1382,2,"1547:Baja, 2220:Baja"
codigo_contpac_duplicado,1615,2,"618:Baja, 2213:Activo"
codigo_contpac_duplicado,1629,2,"713:Baja, 2216:Baja"
codigo_contpac_duplicado,1745,2,"944:Baja, 2219:Baja"
nombre_completo_duplicado,"ANA KAREN HERNANDEZ GARCIA",3,"711:Baja, 766:Baja, 944:Baja"
nombre_completo_duplicado,"ALEJANDRO MENDOZA DE LEON",2,"954:Baja, 956:Baja"
nombre_completo_duplicado,"ALFREDO RESENDIZ SERRANO",2,"2015:Baja, 2197:Baja"
nombre_completo_duplicado,"BRENDA ELIZABETH VARGAS CERVANTES",2,"2176:Baja, 2206:Baja"
nombre_completo_duplicado,"CRUZ LINARES CRUZ LINARES",2,"2127:Baja, 2200:Baja"
nombre_completo_duplicado,"DANIEL FUENTES ROSALES",2,"2072:Baja, 2198:Baja"
nombre_completo_duplicado,"DIEGO CHAVARRIA BECERRIL",2,"1486:Activo, 1998:Baja"
nombre_completo_duplicado,"DIEGO IVAN ALVAREZ ESPINOZA",2,"2110:Baja, 2199:Baja"
nombre_completo_duplicado,"ELENA CRUZ LIRA",2,"2135:Baja, 2201:Baja"
nombre_completo_duplicado,"GABRIEL GILDARDO DIAZ GUTIERREZ",2,"967:Activo, 1028:Baja"
nombre_completo_duplicado,"GUSTAVO CARRILLO SANDY",2,"112:Activo, 2160:Baja"
nombre_completo_duplicado,"JANET DELFINA MONTIEL GUERRERO",2,"2145:Baja, 2202:Baja"
nombre_completo_duplicado,"JENNY LEIDY MAQUEDA JUAREZ",2,"2061:Baja, 2093:Baja"
nombre_completo_duplicado,"JESUS JIMENEZ SOLEDAD",2,"614:Baja, 618:Baja"
nombre_completo_duplicado,"JOEL LARA GARCIA",2,"1457:Activo, 2114:Baja"
nombre_completo_duplicado,"JOSE ROBERTO BONILLA GONZALEZ",2,"785:Baja, 820:Baja"
nombre_completo_duplicado,"JUAN CARLOS FLORES RODRIGUEZ",2,"155:Baja, 2156:Baja"
nombre_completo_duplicado,"JUAN MANUEL ARTEAGA SALDAÑA",2,"1173:Activo, 1189:Baja"
nombre_completo_duplicado,"LUIS ENRIQUE HERNADEZ HERNANDEZ",2,"2157:Baja, 2205:Baja"
nombre_completo_duplicado,"LUIS QANTONIO MORALES DE LA CRUZ",2,"2181:Baja, 2207:Baja"
nombre_completo_duplicado,"LUZ DEL CARMEN ROQUE ESCOBAR",2,"371:Baja, 2068:Baja"
nombre_completo_duplicado,"MAURI JESUS RAMIREZ JARAMILLO",2,"994:Baja, 2164:Baja"
nombre_completo_duplicado,"MOISES FRANCISCO HERNADEZ",2,"2149:Baja, 2203:Baja"
nombre_completo_duplicado,"OBED DANIEL REYES ROJAS",2,"226:Baja, 587:Activo"
nombre_completo_duplicado,"OSCAR ALBERTO BACILIO ROSALES",2,"917:Baja, 919:Baja"
nombre_completo_duplicado,"OSCAR MIXEL CHAVEZ GAYTAN",2,"743:Baja, 744:Baja"
nombre_completo_duplicado,"PABLO GEOVANI LOZANO SANDOVAL",2,"525:Baja, 2029:Baja"
nombre_completo_duplicado,"RAUL ALBERTO OLGUIN LOYOLA",2,"683:Baja, 1008:Baja"
nombre_completo_duplicado,"RUBEN ALBERTO VELAZQUEZ VELAZQUEZ",2,"2152:Baja, 2204:Baja"
