id_agencia,clave_agencia,nombre_agencia,latitud,longitud,ok,query,display_name,source,error
14,SUCURSAL_322,ZMOTO CHAMPOTON,,,0,,,,"arcgis:ZMOTO CHAMPOTON, Mexico => demasiado_generico:Locality:90 | demasiado_generico:Locality:90 | demasiado_generico:Locality:90 | demasiado_generico:Locality:90 | demasiado_generico:Locality:85.5 | arcgis:ZMOTO CHAMPOTON, entre Calle 8, Col. Ejido Paraíso (justo enfrente de la gasolinera), C.P. 24400, 24400, Mexico => score_bajo:79.2 | score_bajo:79 | score_bajo:77 | score_bajo:76.12 | score_bajo:76.12 | arcgis:Calle 26 s/n, entre Calle 8, Col. Ejido Paraíso (justo enfrente de la gasolinera), C.P. 24400,, Mexico => calle_generica:StreetName:81.8 | score_bajo:79.2 | score_bajo:79 | score_bajo:79 | score_bajo:79 | arcgis:ZMOTO CHAMPOTON, Calle 26 s/n, entre Calle 8, Col. Ejido Paraíso (justo enfrente de la gasolinera), C.P. 24400,, Mexico => score_bajo:79.2 | score_bajo:79.16 | cp_no_coincide:24402 | score_bajo:77.58 | score_bajo:77.58 | nominatim:ZMOTO CHAMPOTON, Mexico => sin_resultado | nominatim:ZMOTO CHAMPOTON, entre Calle 8, Col. Ejido Paraíso (justo enfrente de la gasolinera), C.P. 24400, 24400, Mexico => sin_resultado | nominatim:Calle 26 s/n, entre Calle 8, Col. Ejido Paraíso (justo enfrente de la gasolinera), C.P. 24400,, Mexico => sin_resultado | nominatim:ZMOTO CHAMPOTON, Calle 26 s/n, entre Calle 8, Col. Ejido Paraíso (justo enfrente de la gasolinera), C.P. 24400,, Mexico => sin_resultado"
24,SUCURSAL_634,BAJAJ VILLAFLORES,16.69400513,-93.72288931,1,"30470, Calle Quinta Pte. 127, Reforma, 30479 Villaflores, Chis., Mexico","Calle Quinta Sur 127, Central, Cintalapa De Figueroa, Chiapas, 30400, MEX",arcgis,
71,SUCURSAL_290,VENTO AMERICA,19.02494082,-98.21166660,1,"72440 51 Pte Local 10 #505 Plaza America Col, Residencial Boulevares, 72440 Heroica Puebla de Zaragoza, Pue., Mexico","VOULEVARES, Calle De Madrid 4920, Gabriel Pastor 2da. Sección, Heroica Puebla De Zaragoza, Puebla, 72425, MEX",arcgis,
94,SUCURSAL_1411,LONG MOTOR,,,0,,,,"arcgis:LONG MOTOR, Mexico => estado_no_coincide:Baja California Sur | estado_no_coincide:Baja California Sur | estado_no_coincide:Nuevo León | estado_no_coincide:Sonora | estado_no_coincide:Sonora | arcgis:LONG MOTOR, cumbres de conin, 76246 Mexico, Qro., Queretaro, 10271, Mexico => cp_no_coincide:76246 | score_bajo:79.55 | score_bajo:79.2 | score_bajo:79.2 | score_bajo:79.2 | arcgis:ANILLO VIAL ii 10271 83, microparque pyme 03, cumbres de conin, 76246 Mexico, Qro., Mexico => cp_no_coincide:76246 | cp_no_coincide:76246 | score_bajo:75 | score_bajo:75 | score_bajo:75 | arcgis:LONG MOTOR, ANILLO VIAL ii 10271 83, microparque pyme 03, cumbres de conin, 76246 Mexico, Qro., Mexico => cp_no_coincide:76246 | cp_no_coincide:76246 | score_bajo:75 | score_bajo:75 | score_bajo:75 | nominatim:LONG MOTOR, Mexico => sin_resultado | nominatim:LONG MOTOR, cumbres de conin, 76246 Mexico, Qro., Queretaro, 10271, Mexico => sin_resultado | nominatim:ANILLO VIAL ii 10271 83, microparque pyme 03, cumbres de conin, 76246 Mexico, Qro., Mexico => sin_resultado | nominatim:LONG MOTOR, ANILLO VIAL ii 10271 83, microparque pyme 03, cumbres de conin, 76246 Mexico, Qro., Mexico => sin_resultado"
335,SUCURSAL_822,BAJAJ MENDEZ,,,0,,,,"arcgis:BAJAJ MENDEZ, Mexico => estado_no_coincide:Tamaulipas | estado_no_coincide:Baja California | estado_no_coincide:Baja California | estado_no_coincide:Baja California | estado_no_coincide:San Luis Potosí | arcgis:BAJAJ MENDEZ, entre Castillo, 86077 Villahermosa, Tab., Tabasco, 86077, Mexico => score_bajo:79.2 | estado_no_coincide:Zacatecas | score_bajo:79.2 | estado_no_coincide:Zacatecas | score_bajo:74.25 | arcgis:Av. Gregorio Mendez, C. Juan Álvarez 726, entre Castillo, 86077 Villahermosa, Tab., Mexico => cp_no_coincide:86029 | cp_no_coincide:86029 | cp_no_coincide:86019 | cp_no_coincide:86019 | cp_no_coincide:86000 | arcgis:BAJAJ MENDEZ, Av. Gregorio Mendez, C. Juan Álvarez 726, entre Castillo, 86077 Villahermosa, Tab., Mexico => cp_no_coincide:86029 | cp_no_coincide:86029 | cp_no_coincide:86019 | cp_no_coincide:86019 | demasiado_generico:Locality:80 | nominatim:BAJAJ MENDEZ, Mexico => sin_resultado | nominatim:BAJAJ MENDEZ, entre Castillo, 86077 Villahermosa, Tab., Tabasco, 86077, Mexico => sin_resultado | nominatim:Av. Gregorio Mendez, C. Juan Álvarez 726, entre Castillo, 86077 Villahermosa, Tab., Mexico => sin_resultado | nominatim:BAJAJ MENDEZ, Av. Gregorio Mendez, C. Juan Álvarez 726, entre Castillo, 86077 Villahermosa, Tab., Mexico => sin_resultado"
564,SUCURSAL_314,VENTO TEJERIA,,,0,,,,"arcgis:VENTO TEJERIA, Mexico => estado_no_coincide:Chiapas | estado_no_coincide:Chiapas | estado_no_coincide:Chiapas | estado_no_coincide:Guerrero | estado_no_coincide:Guerrero | arcgis:VENTO TEJERIA, Tejería, 91726 Veracruz, Ver., Veracruz, 91726, Mexico => demasiado_generico:Postal:85.93 | score_bajo:78.04 | arcgis:Avenida Carretera Federal Veracruz-Xalapa 845, Tejería, 91726 Veracruz, Ver., Mexico => demasiado_generico:Postal:82 | arcgis:VENTO TEJERIA, Avenida Carretera Federal Veracruz-Xalapa 845, Tejería, 91726 Veracruz, Ver., Mexico => demasiado_generico:Postal:82 | nominatim:VENTO TEJERIA, Mexico => sin_resultado | nominatim:VENTO TEJERIA, Tejería, 91726 Veracruz, Ver., Veracruz, 91726, Mexico => sin_resultado | nominatim:Avenida Carretera Federal Veracruz-Xalapa 845, Tejería, 91726 Veracruz, Ver., Mexico => sin_resultado | nominatim:VENTO TEJERIA, Avenida Carretera Federal Veracruz-Xalapa 845, Tejería, 91726 Veracruz, Ver., Mexico => sin_resultado"
648,SUCURSAL_1744,TVS PACHUCA,,,0,,,,"arcgis:TVS PACHUCA, Mexico => demasiado_generico:Locality:92.5 | estado_no_coincide:Campeche | estado_no_coincide:Chihuahua | estado_no_coincide:San Luis Potosí | estado_no_coincide:Veracruz De Ignacio De La Llave | arcgis:TVS PACHUCA, BLVD SANTA CATARINA 144 HACIENDA LA HERRADURA 42082 PACHIUCA HGO, Hidalgo, 42082, Mexico => demasiado_generico:Postal:80 | estado_no_coincide:Nuevo León | estado_no_coincide:Michoacán de Ocampo | estado_no_coincide:Tamaulipas | estado_no_coincide:Coahuila De Zaragoza | arcgis:BLVD SANTA CATARINA 144 HACIENDA LA HERRADURA 42082 PACHIUCA HGO, Mexico => cp_no_coincide:42079 | cp_no_coincide:42030 | cp_no_coincide:42030 | cp_no_coincide:42039 | cp_no_coincide:42088 | arcgis:TVS PACHUCA, BLVD SANTA CATARINA 144 HACIENDA LA HERRADURA 42082 PACHIUCA HGO, Mexico => cp_no_coincide:42079 | score_bajo:77.18 | cp_no_coincide:42030 | cp_no_coincide:42030 | cp_no_coincide:42039 | nominatim:TVS PACHUCA, Mexico => sin_resultado | nominatim:TVS PACHUCA, BLVD SANTA CATARINA 144 HACIENDA LA HERRADURA 42082 PACHIUCA HGO, Hidalgo, 42082, Mexico => sin_resultado | nominatim:BLVD SANTA CATARINA 144 HACIENDA LA HERRADURA 42082 PACHIUCA HGO, Mexico => sin_resultado | nominatim:TVS PACHUCA, BLVD SANTA CATARINA 144 HACIENDA LA HERRADURA 42082 PACHIUCA HGO, Mexico => sin_resultado"
758,SUCURSAL_2611,CFLITE PRADERA,18.94014350,-99.23581991,1,"Blvd. Vicente Guerrero Km 274, Plaza Pradera, Chilpancingo, Guerrero, C.P. 39097 / Calle Melchor Ocampo 104, La Pradera, 62170 Cuernavaca, Mor., Mexico","Calle Melchor Ocampo 104, El Empleado, Cuernavaca, Morelos, 62250, MEX",arcgis,
800,SUCURSAL_323,ZMOTO KANASIN,,,0,,,,"arcgis:ZMOTO KANASIN, Mexico => demasiado_generico:Locality:88.89 | demasiado_generico:Locality:88.89 | demasiado_generico:Locality:88.89 | demasiado_generico:Locality:88.89 | demasiado_generico:Locality:88.89 | arcgis:ZMOTO KANASIN, C Xelpac Cuahutemoc SN CP 97370 Col Centro Kanasin Yucatán, 97370, Mexico => demasiado_generico:Postal:82 | arcgis:C Xelpac Cuahutemoc SN CP 97370 Col Centro Kanasin Yucatán, Mexico => demasiado_generico:Postal:81.18 | arcgis:ZMOTO KANASIN, C Xelpac Cuahutemoc SN CP 97370 Col Centro Kanasin Yucatán, Mexico => demasiado_generico:Postal:81.18 | score_bajo:74.3 | score_bajo:74.3 | cp_no_coincide:97376 | cp_no_coincide:97375 | nominatim:ZMOTO KANASIN, Mexico => sin_resultado | nominatim:ZMOTO KANASIN, C Xelpac Cuahutemoc SN CP 97370 Col Centro Kanasin Yucatán, 97370, Mexico => sin_resultado | nominatim:C Xelpac Cuahutemoc SN CP 97370 Col Centro Kanasin Yucatán, Mexico => sin_resultado | nominatim:ZMOTO KANASIN, C Xelpac Cuahutemoc SN CP 97370 Col Centro Kanasin Yucatán, Mexico => sin_resultado"
1070,SUCURSAL_431,BAJAJ DIAZ,,,0,,,,"arcgis:BAJAJ DIAZ, Mexico => estado_no_coincide:Nuevo León | estado_no_coincide:Baja California | estado_no_coincide:Chihuahua | estado_no_coincide:Chihuahua | estado_no_coincide:Guanajuato | arcgis:BAJAJ DIAZ, San Sebastian Tutla, 71320 Oaxaca de Juárez, Oax., Oaxaca, 71320, Mexico => demasiado_generico:Locality:81.18 | demasiado_generico:Postal:80 | score_bajo:79.2 | score_bajo:79.2 | score_bajo:79.2 | arcgis:Carr. Internacional Km.7.5, San Sebastian Tutla, 71320 Oaxaca de Juárez, Oax., Mexico => calle_generica:StreetName:92.05 | cp_no_coincide:71242 | cp_no_coincide:68050 | cp_no_coincide:68050 | cp_no_coincide:68080 | arcgis:BAJAJ DIAZ, Carr. Internacional Km.7.5, San Sebastian Tutla, 71320 Oaxaca de Juárez, Oax., Mexico => calle_generica:StreetName:88.8 | cp_no_coincide:71242 | cp_no_coincide:68050 | cp_no_coincide:68050 | cp_no_coincide:68080 | nominatim:BAJAJ DIAZ, Mexico => sin_resultado | nominatim:BAJAJ DIAZ, San Sebastian Tutla, 71320 Oaxaca de Juárez, Oax., Oaxaca, 71320, Mexico => sin_resultado | nominatim:Carr. Internacional Km.7.5, San Sebastian Tutla, 71320 Oaxaca de Juárez, Oax., Mexico => sin_resultado | nominatim:BAJAJ DIAZ, Carr. Internacional Km.7.5, San Sebastian Tutla, 71320 Oaxaca de Juárez, Oax., Mexico => sin_resultado"
1098,SUCURSAL_1460,PARA MOTO DRM ATLACHOLOAYA 3R,,,0,,,,"arcgis:PARA MOTO DRM ATLACHOLOAYA 3R, Mexico => demasiado_generico:Locality:82.39 | demasiado_generico:Locality:82.39 | demasiado_generico:Locality:82.39 | arcgis:PARA MOTO DRM ATLACHOLOAYA 3R, Atlacholoaya, Xochitepec, Morelos, 62790, Mexico => demasiado_generico:Postal:83.47 | score_bajo:76.92 | score_bajo:76.11 | cp_no_coincide:62793 | cp_no_coincide:62796 | arcgis:Carretera Federal Cuernavaca–Acapulco Km 104, Atlacholoaya, Xochitepec, Morelos, C.P. 62790 / América Central S/N, Col. Centro, Atlacholoaya, Xochitepec, Morelos, Mexico => cp_no_coincide:62797 | demasiado_generico:Locality:80 | demasiado_generico:Locality:80 | demasiado_generico:Locality:80 | demasiado_generico:Locality:80 | arcgis:PARA MOTO DRM ATLACHOLOAYA 3R, Carretera Federal Cuernavaca–Acapulco Km 104, Atlacholoaya, Xochitepec, Morelos, C.P. 62790 / América Central S/N, Col. Centro, Atlacholoaya, Xochitepec, Morelos, Mexico => cp_no_coincide:62797 | demasiado_generico:Locality:80 | demasiado_generico:Locality:80 | demasiado_generico:Locality:80 | demasiado_generico:Locality:80 | nominatim:PARA MOTO DRM ATLACHOLOAYA 3R, Mexico => sin_resultado | nominatim:PARA MOTO DRM ATLACHOLOAYA 3R, Atlacholoaya, Xochitepec, Morelos, 62790, Mexico => sin_resultado | nominatim:Carretera Federal Cuernavaca–Acapulco Km 104, Atlacholoaya, Xochitepec, Morelos, C.P. 62790 / América Central S/N, Col. Centro, Atlacholoaya, Xochitepec, Morelos, Mexico => sin_resultado | nominatim:PARA MOTO DRM ATLACHOLOAYA 3R, Carretera Federal Cuernavaca–Acapulco Km 104, Atlacholoaya, Xochitepec, Morelos, C.P. 62790 / América Central S/N, Col. Centro, Atlacholoaya, Xochitepec, Morelos, Mexico => sin_resultado"
1106,SUCURSAL_1616,KTM LOS ALTOS,,,0,,,,"arcgis:KTM LOS ALTOS, Mexico => demasiado_generico:Locality:92.94 | demasiado_generico:Locality:92.94 | demasiado_generico:Locality:92.94 | demasiado_generico:Locality:92.94 | demasiado_generico:Locality:92.94 | arcgis:KTM LOS ALTOS, Tepatitlán de Morelos, Jalisco, C.P. 47600, 47600, Mexico => cp_no_coincide:47634 | cp_no_coincide:47630 | cp_no_coincide:47698 | sin_token_sucursal:POI:80.31 | score_bajo:77.99 | arcgis:Carretera Guadalajara–Lagos de Moreno Km 78, Tepatitlán de Morelos, Jalisco, C.P. 47600, Mexico => cp_no_coincide:47656 | cp_no_coincide:47657 | cp_no_coincide:47686 | cp_no_coincide:47690 | cp_no_coincide:47630 | arcgis:KTM LOS ALTOS, Carretera Guadalajara–Lagos de Moreno Km 78, Tepatitlán de Morelos, Jalisco, C.P. 47600, Mexico => cp_no_coincide:47656 | cp_no_coincide:47686 | cp_no_coincide:47690 | cp_no_coincide:47630 | cp_no_coincide:47630 | nominatim:KTM LOS ALTOS, Mexico => sin_resultado | nominatim:KTM LOS ALTOS, Tepatitlán de Morelos, Jalisco, C.P. 47600, 47600, Mexico => sin_resultado | nominatim:Carretera Guadalajara–Lagos de Moreno Km 78, Tepatitlán de Morelos, Jalisco, C.P. 47600, Mexico => sin_resultado | nominatim:KTM LOS ALTOS, Carretera Guadalajara–Lagos de Moreno Km 78, Tepatitlán de Morelos, Jalisco, C.P. 47600, Mexico => sin_resultado"
1107,SUCURSAL_1710,AGROTEC DE OCCIDENTE,,,0,,,,"arcgis:AGROTEC DE OCCIDENTE, Mexico => demasiado_generico:Locality:87.5 | demasiado_generico:Locality:87.5 | demasiado_generico:Locality:87.5 | demasiado_generico:Locality:87.5 | sin_token_sucursal:POI:83.31 | arcgis:AGROTEC DE OCCIDENTE, Tala, Jalisco, C.P. 45300, 45300, Mexico => score_bajo:79.2 | score_bajo:79.2 | score_bajo:79.2 | score_bajo:79.2 | score_bajo:77 | arcgis:Carretera Guadalajara–Nogales Km 32, Tala, Jalisco, C.P. 45300, Mexico => calle_generica:StreetName:85.3 | cp_no_coincide:45325 | cp_no_coincide:45331 | cp_no_coincide:45331 | cp_no_coincide:45310 | arcgis:AGROTEC DE OCCIDENTE, Carretera Guadalajara–Nogales Km 32, Tala, Jalisco, C.P. 45300, Mexico => score_bajo:79.2 | score_bajo:79.2 | score_bajo:79.2 | score_bajo:79.2 | score_bajo:77.98 | nominatim:AGROTEC DE OCCIDENTE, Mexico => sin_resultado | nominatim:AGROTEC DE OCCIDENTE, Tala, Jalisco, C.P. 45300, 45300, Mexico => sin_resultado | nominatim:Carretera Guadalajara–Nogales Km 32, Tala, Jalisco, C.P. 45300, Mexico => sin_resultado | nominatim:AGROTEC DE OCCIDENTE, Carretera Guadalajara–Nogales Km 32, Tala, Jalisco, C.P. 45300, Mexico => sin_resultado"
1112,SUCURSAL_367,HONDA TALON,,,0,,,,"arcgis:HONDA TALON, Mexico => estado_no_coincide:Durango | estado_no_coincide:San Luis Potosí | estado_no_coincide:Guanajuato | estado_no_coincide:Guanajuato | estado_no_coincide:Guanajuato | arcgis:HONDA TALON, Primera Sección del Casco, 71250 San Antonio de la Cal, Oax., Oaxaca, 71240, Mexico => cp_no_coincide:71250 | demasiado_generico:Postal:80 | score_bajo:75.28 | arcgis:Carretera Internacional 190 No. 210, Santa Lucía del Camino, Oaxaca, C.P. 71240 / Oaxaca Oax MX, Av.Morelos 101, Primera Sección del Casco, 71250 San Antonio de la Cal, Oax., Mexico => cp_no_coincide:71250 | score_bajo:74.08 | arcgis:HONDA TALON, Carretera Internacional 190 No. 210, Santa Lucía del Camino, Oaxaca, C.P. 71240 / Oaxaca Oax MX, Av.Morelos 101, Primera Sección del Casco, 71250 San Antonio de la Cal, Oax., Mexico => cp_no_coincide:71250 | nominatim:HONDA TALON, Mexico => sin_resultado | nominatim:HONDA TALON, Primera Sección del Casco, 71250 San Antonio de la Cal, Oax., Oaxaca, 71240, Mexico => sin_resultado | nominatim:Carretera Internacional 190 No. 210, Santa Lucía del Camino, Oaxaca, C.P. 71240 / Oaxaca Oax MX, Av.Morelos 101, Primera Sección del Casco, 71250 San Antonio de la Cal, Oax., Mexico => sin_resultado | nominatim:HONDA TALON, Carretera Internacional 190 No. 210, Santa Lucía del Camino, Oaxaca, C.P. 71240 / Oaxaca Oax MX, Av.Morelos 101, Primera Sección del Casco, 71250 San Antonio de la Cal, Oax., Mexico => sin_resultado"
1272,SUCURSAL_1008,ZMOTO HECELCHAKAN,,,0,,,,"arcgis:ZMOTO HECELCHAKAN, Mexico => demasiado_generico:Locality:90.91 | demasiado_generico:Locality:90.91 | demasiado_generico:Locality:90.91 | demasiado_generico:Locality:90.91 | demasiado_generico:Locality:90.91 | arcgis:ZMOTO HECELCHAKAN, Hecelchakán: Calle 18A S/N entre 21 y 23 Barrio San Antonio C.P. 24800, Campeche. Hopelchén: Calle 18 entre 21 y 23 Centro Hopelchén, Campeche C.P. 24600, 24800, Mexico => cp_no_coincide:24600 | demasiado_generico:Locality:81.18 | demasiado_generico:Locality:81.18 | demasiado_generico:Locality:81.18 | demasiado_generico:Locality:81.18 | arcgis:Hecelchakán: Calle 18A S/N entre 21 y 23 Barrio San Antonio C.P. 24800, Campeche. Hopelchén: Calle 18 entre 21 y 23 Centro Hopelchén, Campeche C.P. 24600, Mexico => cp_no_coincide:24600 | demasiado_generico:Locality:81.18 | demasiado_generico:Locality:81.18 | demasiado_generico:Locality:81.18 | demasiado_generico:Locality:81.18 | arcgis:ZMOTO HECELCHAKAN, Hecelchakán: Calle 18A S/N entre 21 y 23 Barrio San Antonio C.P. 24800, Campeche. Hopelchén: Calle 18 entre 21 y 23 Centro Hopelchén, Campeche C.P. 24600, Mexico => cp_no_coincide:24600 | demasiado_generico:Locality:81.18 | demasiado_generico:Locality:81.18 | demasiado_generico:Locality:81.18 | demasiado_generico:Locality:81.18 | nominatim:ZMOTO HECELCHAKAN, Mexico => sin_resultado | nominatim:ZMOTO HECELCHAKAN, Hecelchakán: Calle 18A S/N entre 21 y 23 Barrio San Antonio C.P. 24800, Campeche. Hopelchén: Calle 18 entre 21 y 23 Centro Hopelchén, Campeche C.P. 24600, 24800, Mexico => sin_resultado | nominatim:Hecelchakán: Calle 18A S/N entre 21 y 23 Barrio San Antonio C.P. 24800, Campeche. Hopelchén: Calle 18 entre 21 y 23 Centro Hopelchén, Campeche C.P. 24600, Mexico => sin_resultado | nominatim:ZMOTO HECELCHAKAN, Hecelchakán: Calle 18A S/N entre 21 y 23 Barrio San Antonio C.P. 24800, Campeche. Hopelchén: Calle 18 entre 21 y 23 Centro Hopelchén, Campeche C.P. 24600, Mexico => sin_resultado"
1278,SUCURSAL_1699,VALDEZ BALUARTE SUCURSAL 73,,,0,,,,"arcgis:VALDEZ BALUARTE SUCURSAL 73, Mexico => estado_no_coincide:Chiapas | estado_no_coincide:Jalisco | estado_no_coincide:Jalisco | estado_no_coincide:Zacatecas | estado_no_coincide:Chiapas | arcgis:VALDEZ BALUARTE SUCURSAL 73, Reforma, 85800 Navojoa, Son., Sonora, 85800, Mexico => demasiado_generico:Locality:81.18 | demasiado_generico:Postal:80 | score_bajo:79.2 | score_bajo:79.2 | score_bajo:79.2 | arcgis:Hidalgo 112-B, Centro, Reforma, 85800 Navojoa, Son., Mexico => cp_no_coincide:85845 | demasiado_generico:Postal:84.89 | arcgis:VALDEZ BALUARTE SUCURSAL 73, Hidalgo 112-B, Centro, Reforma, 85800 Navojoa, Son., Mexico => demasiado_generico:Postal:84 | nominatim:VALDEZ BALUARTE SUCURSAL 73, Mexico => sin_resultado | nominatim:VALDEZ BALUARTE SUCURSAL 73, Reforma, 85800 Navojoa, Son., Sonora, 85800, Mexico => sin_resultado | nominatim:Hidalgo 112-B, Centro, Reforma, 85800 Navojoa, Son., Mexico => sin_resultado | nominatim:VALDEZ BALUARTE SUCURSAL 73, Hidalgo 112-B, Centro, Reforma, 85800 Navojoa, Son., Mexico => sin_resultado"
1285,SUCURSAL_267,VENTO NEZA ORIENTE,,,0,,,,"arcgis:VENTO NEZA ORIENTE, Mexico => estado_no_coincide:Baja California Sur | estado_no_coincide:Chihuahua | estado_no_coincide:Ciudad De México | estado_no_coincide:Coahuila De Zaragoza | estado_no_coincide:Nuevo León | arcgis:VENTO NEZA ORIENTE, Col. Aurora Oriente, 57000 Cdad. Nezahualcóyotl, Méx., Estado de Mexico, 57000, Mexico => demasiado_generico:Locality:81.18 | demasiado_generico:Postal:80 | score_bajo:79.2 | score_bajo:79.2 | arcgis:Imploración Manzana 499, Col. Aurora Oriente, 57000 Cdad. Nezahualcóyotl, Méx., Mexico => calle_generica:StreetName:87.95 | demasiado_generico:Postal:86.09 | estado_no_coincide:Colima | estado_no_coincide:Colima | score_bajo:77.12 | arcgis:VENTO NEZA ORIENTE, Imploración Manzana 499, Col. Aurora Oriente, 57000 Cdad. Nezahualcóyotl, Méx., Mexico => demasiado_generico:Postal:82 | score_bajo:78.86 | estado_no_coincide:Colima | estado_no_coincide:Colima | estado_no_coincide:Ciudad de México | nominatim:VENTO NEZA ORIENTE, Mexico => sin_resultado | nominatim:VENTO NEZA ORIENTE, Col. Aurora Oriente, 57000 Cdad. Nezahualcóyotl, Méx., Estado de Mexico, 57000, Mexico => sin_resultado | nominatim:Imploración Manzana 499, Col. Aurora Oriente, 57000 Cdad. Nezahualcóyotl, Méx., Mexico => sin_resultado | nominatim:VENTO NEZA ORIENTE, Imploración Manzana 499, Col. Aurora Oriente, 57000 Cdad. Nezahualcóyotl, Méx., Mexico => sin_resultado"
1290,SUCURSAL_1382,GRUPO SHUJIN MOTOS,,,0,,,,"arcgis:GRUPO SHUJIN MOTOS, Mexico => estado_no_coincide:Sonora | estado_no_coincide:Ciudad de México | estado_no_coincide:Veracruz De Ignacio De La Llave | estado_no_coincide:Baja California Sur | estado_no_coincide:Baja California Sur | arcgis:GRUPO SHUJIN MOTOS, 90300, CDAD. DE APIZACO, TLAX., Tlaxcala, 90300, Mexico => demasiado_generico:Postal:80 | score_bajo:79.2 | score_bajo:79.2 | score_bajo:79.2 | score_bajo:75.75 | arcgis:INDEPENDENCIA 402-LOCAL 04 Y 05, CENTRO, 90300, CDAD. DE APIZACO, TLAX., Mexico => cp_no_coincide:90340 | calle_generica:StreetName:82.08 | demasiado_generico:Postal:81.18 | cp_no_coincide:90329 | cp_no_coincide:90339 | arcgis:GRUPO SHUJIN MOTOS, INDEPENDENCIA 402-LOCAL 04 Y 05, CENTRO, 90300, CDAD. DE APIZACO, TLAX., Mexico => demasiado_generico:Postal:81.18 | score_bajo:73.16 | nominatim:GRUPO SHUJIN MOTOS, Mexico => sin_resultado | nominatim:GRUPO SHUJIN MOTOS, 90300, CDAD. DE APIZACO, TLAX., Tlaxcala, 90300, Mexico => sin_resultado | nominatim:INDEPENDENCIA 402-LOCAL 04 Y 05, CENTRO, 90300, CDAD. DE APIZACO, TLAX., Mexico => sin_resultado | nominatim:GRUPO SHUJIN MOTOS, INDEPENDENCIA 402-LOCAL 04 Y 05, CENTRO, 90300, CDAD. DE APIZACO, TLAX., Mexico => sin_resultado"
1516,SUCURSAL_375,HONDA PUERTO ESCONDIDO,,,0,,,,"arcgis:HONDA PUERTO ESCONDIDO, Mexico => estado_no_coincide:San Luis Potosí | estado_no_coincide:San Luis Potosí | demasiado_generico:Locality:92.31 | demasiado_generico:Locality:92.31 | estado_no_coincide:México | arcgis:HONDA PUERTO ESCONDIDO, fracc puerto del sol puerto escondido fracc puerto del sol, 71980 Puerto Escondido, Oax., Oaxaca, 71980, Mexico => demasiado_generico:Postal:80 | score_bajo:79.2 | score_bajo:79.2 | score_bajo:79.2 | score_bajo:79.2 | arcgis:puerto angel mza1 lte 2, fracc puerto del sol puerto escondido fracc puerto del sol, 71980 Puerto Escondido, Oax., Mexico => demasiado_generico:Postal:80 | score_bajo:72.83 | arcgis:HONDA PUERTO ESCONDIDO, puerto angel mza1 lte 2, fracc puerto del sol puerto escondido fracc puerto del sol, 71980 Puerto Escondido, Oax., Mexico => demasiado_generico:Postal:80 | cp_no_coincide:71983 | score_bajo:73.4 | cp_no_coincide:71970 | cp_no_coincide:71974 | nominatim:HONDA PUERTO ESCONDIDO, Mexico => sin_resultado | nominatim:HONDA PUERTO ESCONDIDO, fracc puerto del sol puerto escondido fracc puerto del sol, 71980 Puerto Escondido, Oax., Oaxaca, 71980, Mexico => sin_resultado | nominatim:puerto angel mza1 lte 2, fracc puerto del sol puerto escondido fracc puerto del sol, 71980 Puerto Escondido, Oax., Mexico => sin_resultado | nominatim:HONDA PUERTO ESCONDIDO, puerto angel mza1 lte 2, fracc puerto del sol puerto escondido fracc puerto del sol, 71980 Puerto Escondido, Oax., Mexico => sin_resultado"
1547,SUCURSAL_810,MOTOS GT SIMBOLOS,,,0,,,,"arcgis:MOTOS GT SIMBOLOS, Mexico => estado_no_coincide:Veracruz-Llave | estado_no_coincide:Chihuahua | estado_no_coincide:Chihuahua | estado_no_coincide:Guanajuato | estado_no_coincide:Ciudad de México | arcgis:MOTOS GT SIMBOLOS, 24 de Febrero, 71236 San Antonio de la Cal, Oax., Oaxaca, 68130, Mexico => demasiado_generico:Postal:82 | arcgis:Símbolos Patrios 1008, Ex Hacienda Candiani, Oaxaca de Juárez, Oaxaca, C.P. 68130 / Primera Priv. de Símbolos Patrios 2-A, 24 de Febrero, 71236 San Antonio de la Cal, Oax., Mexico => demasiado_generico:Locality:80 | demasiado_generico:Locality:80 | demasiado_generico:Locality:80 | demasiado_generico:Locality:80 | score_bajo:79.37 | arcgis:MOTOS GT SIMBOLOS, Símbolos Patrios 1008, Ex Hacienda Candiani, Oaxaca de Juárez, Oaxaca, C.P. 68130 / Primera Priv. de Símbolos Patrios 2-A, 24 de Febrero, 71236 San Antonio de la Cal, Oax., Mexico => demasiado_generico:Locality:80 | demasiado_generico:Locality:80 | demasiado_generico:Locality:80 | demasiado_generico:Locality:80 | score_bajo:79.37 | nominatim:MOTOS GT SIMBOLOS, Mexico => sin_resultado | nominatim:MOTOS GT SIMBOLOS, 24 de Febrero, 71236 San Antonio de la Cal, Oax., Oaxaca, 68130, Mexico => sin_resultado | nominatim:Símbolos Patrios 1008, Ex Hacienda Candiani, Oaxaca de Juárez, Oaxaca, C.P. 68130 / Primera Priv. de Símbolos Patrios 2-A, 24 de Febrero, 71236 San Antonio de la Cal, Oax., Mexico => sin_resultado | nominatim:MOTOS GT SIMBOLOS, Símbolos Patrios 1008, Ex Hacienda Candiani, Oaxaca de Juárez, Oaxaca, C.P. 68130 / Primera Priv. de Símbolos Patrios 2-A, 24 de Febrero, 71236 San Antonio de la Cal, Oax., Mexico => sin_resultado"
1551,SUCURSAL_727,LA BARATA DEL HOGAR CANCUN,,,0,,,,"arcgis:LA BARATA DEL HOGAR CANCUN, Mexico => score_bajo:79.2 | score_bajo:78.14 | score_bajo:77.26 | score_bajo:77.26 | score_bajo:77.14 | arcgis:LA BARATA DEL HOGAR CANCUN, Sucursal Av. Kabah: Av. Kabah, Plaza Kabah 221, entre calle 84 y 88, Mexico => calle_generica:StreetInt:91.38 | calle_generica:StreetInt:91.38 | calle_generica:StreetInt:91.35 | arcgis:Sucursal Av. Kabah: Av. Kabah, Plaza Kabah 221, entre calle 84 y 88, Mexico => calle_generica:StreetInt:92.18 | calle_generica:StreetInt:92.18 | nominatim:LA BARATA DEL HOGAR CANCUN, Mexico => sin_resultado | nominatim:LA BARATA DEL HOGAR CANCUN, Sucursal Av. Kabah: Av. Kabah, Plaza Kabah 221, entre calle 84 y 88, Mexico => sin_resultado | nominatim:Sucursal Av. Kabah: Av. Kabah, Plaza Kabah 221, entre calle 84 y 88, Mexico => sin_resultado"
1590,SUCURSAL_1540,AODES CUMBRES,,,0,,,,"arcgis:AODES CUMBRES, Mexico => calle_generica:StreetName:91.69 | demasiado_generico:Locality:88.89 | demasiado_generico:Locality:88.89 | demasiado_generico:Locality:88.89 | demasiado_generico:Locality:88.89 | nominatim:AODES CUMBRES, Mexico => sin_resultado"
1595,SUCURSAL_543,ATRUM MTY,,,0,,,,"arcgis:ATRUM MTY, Mexico => demasiado_generico:Locality:85.71 | demasiado_generico:Locality:85.71 | demasiado_generico:Locality:85.71 | demasiado_generico:Locality:85.71 | demasiado_generico:Locality:85.71 | nominatim:ATRUM MTY, Mexico => sin_resultado"
1606,SUCURSAL_950,CF MOTO CIUDAD VICTORIA,,,0,,,,"arcgis:CF MOTO CIUDAD VICTORIA, Mexico => calle_generica:StreetName:92.94 | calle_generica:StreetName:92.94 | demasiado_generico:Locality:90.77 | demasiado_generico:Locality:90.77 | demasiado_generico:Locality:90.77 | nominatim:CF MOTO CIUDAD VICTORIA, Mexico => sin_resultado"
1628,SUCURSAL_1215,EL ARCO ALLENDE CARRETERA,,,0,,,,"arcgis:EL ARCO ALLENDE CARRETERA, Mexico => calle_generica:StreetName:84.83 | calle_generica:StreetName:84.83 | calle_generica:StreetName:84.83 | calle_generica:StreetName:84.83 | calle_generica:StreetName:84.83 | nominatim:EL ARCO ALLENDE CARRETERA, Mexico => sin_resultado"
1659,SUCURSAL_379,MULTIMARCAS PIEDRAS NEGRAS,,,0,,,,"arcgis:MULTIMARCAS PIEDRAS NEGRAS, Mexico => demasiado_generico:Locality:85.33 | demasiado_generico:Locality:85.33 | demasiado_generico:Locality:85.33 | demasiado_generico:Locality:85.33 | demasiado_generico:Locality:85.33 | nominatim:MULTIMARCAS PIEDRAS NEGRAS, Mexico => sin_resultado"
1688,SUCURSAL_2681,XPRESS MOTOS SABINAS,,,0,,,,"arcgis:XPRESS MOTOS SABINAS, Mexico => demasiado_generico:Locality:81.67 | demasiado_generico:Locality:81.67 | demasiado_generico:Locality:81.67 | demasiado_generico:Locality:81.67 | demasiado_generico:Locality:81.67 | nominatim:XPRESS MOTOS SABINAS, Mexico => sin_resultado"
